{"count":1,"self":36.8765152,"total":39.485071999999995,"children":{"InitializeActuators":{"count":16,"self":0.0019329999999999998,"total":0.0019329999999999998,"children":null},"InitializeSensors":{"count":16,"self":0.0022949999999999997,"total":0.0022949999999999997,"children":null},"AgentSendState":{"count":1935,"self":1.967655,"total":2.0528809999999997,"children":{"CollectObservations":{"count":6192,"self":0.014045,"total":0.014045,"children":null},"WriteActionMask":{"count":6192,"self":0.004872,"total":0.004872,"children":null},"RequestDecision":{"count":6192,"self":0.066308999999999993,"total":0.066308999999999993,"children":null}}},"DecideAction":{"count":1935,"self":0.35062899999999997,"total":0.42273499999999997,"children":{"RayPerceptionSensor.Perceive":{"count":18576,"self":0.072106,"total":0.072106,"children":null}}},"AgentAct":{"count":1935,"self":0.127623,"total":0.127623,"children":null}},"gauges":{"Pyramids.CumulativeReward":{"count":22,"max":1.93800008,"min":1.6139946,"runningAverage":1.8378346,"value":1.6139946,"weightedAverage":1.7494204}},"metadata":{"timer_format_version":"0.1.0","start_time_seconds":"1675186106","unity_version":"2021.3.13f1","command_line_arguments":"\/home\/james\/Unity\/Hub\/Editor\/2021.3.13f1\/Editor\/Unity -projectpath \/home\/james\/proj\/james\/UnityMLEssentials\/UnityMLAgentsSetup -useHub -hubIPC -cloudEnvironment production","communication_protocol_version":"1.5.0","com.unity.ml-agents_version":"2.3.0-exp.3","scene_name":"Pyramids","end_time_seconds":"1675186146"}}