{"count":1,"self":15.160657599999999,"total":18.68178,"children":{"InitializeActuators":{"count":12,"self":0.001653,"total":0.001653,"children":null},"InitializeSensors":{"count":12,"self":0.0011949999999999999,"total":0.0011949999999999999,"children":null},"AgentSendState":{"count":1234,"self":0.011146999999999999,"total":0.061794999999999996,"children":{"CollectObservations":{"count":2964,"self":0.007794,"total":0.007794,"children":null},"WriteActionMask":{"count":2964,"self":0.0016899999999999999,"total":0.0016899999999999999,"children":null},"RequestDecision":{"count":2964,"self":0.015137999999999999,"total":0.041164,"children":{"AgentInfo.ToProto":{"count":2964,"self":0.010166,"total":0.026026,"children":{"GenerateSensorData":{"count":2964,"self":0.01586,"total":0.01586,"children":null}}}}}}},"DecideAction":{"count":1234,"self":3.4020219999999997,"total":3.4020219999999997,"children":null},"AgentAct":{"count":1234,"self":0.052740999999999996,"total":0.053063,"children":{"AgentInfo.ToProto":{"count":25,"self":0.00014099999999999998,"total":0.00032199999999999997,"children":{"GenerateSensorData":{"count":25,"self":0.00018099999999999998,"total":0.00018099999999999998,"children":null}}}}}},"gauges":{"PlayerMaze.CumulativeReward":{"count":25,"max":0,"min":0,"runningAverage":0,"value":0,"weightedAverage":0}},"metadata":{"timer_format_version":"0.1.0","start_time_seconds":"1675225956","unity_version":"2021.3.13f1","command_line_arguments":"\/home\/james\/Unity\/Hub\/Editor\/2021.3.13f1\/Editor\/Unity -projectpath \/home\/james\/proj\/james\/UnityMLEssentials\/Basic_Path_Finding -useHub -hubIPC -cloudEnvironment production","communication_protocol_version":"1.5.0","com.unity.ml-agents_version":"2.3.0-exp.3","scene_name":"BasicPathPlanning","end_time_seconds":"1675225974"}}